PersonID,LastName,FirstName,Address,City
1,Pippy,Sidnell,psidnell0@nymag.com,Bordeaux
2,Reiko,Laying,rlaying1@123-reg.co.uk,Constanza
3,Clem,Bellelli,cbellelli2@blinklist.com,San Jose
4,Cherilyn,Minghella,cminghella3@furl.net,Liuzu
5,Bennie,O'Canavan,bocanavan4@ycombinator.com,Keren
6,Crichton,Sillis,csillis5@omniture.com,Shreveport
7,Jephthah,Oulett,joulett6@virginia.edu,Reshetikha
8,Gena,Romeo,gromeo7@ebay.co.uk,Graksop
9,Dyanne,Denkel,ddenkel8@omniture.com,Guanay
10,Norbie,MacGeaney,nmacgeaney9@examiner.com,Maying
11,Florian,Brownhill,fbrownhilla@dmoz.org,Canchaque
12,Jeffy,Stevani,jstevanib@parallels.com,Bergville
13,Emile,Agnolo,eagnoloc@wunderground.com,Uozu
14,Bail,Rolse,brolsed@bbb.org,Uni√£o
15,Giustino,Yeoman,gyeomane@geocities.jp,Yangirabot
16,Kayle,Beausang,kbeausangf@illinois.edu,Ballyhaunis
17,Torrie,Dealtry,tdealtryg@amazon.co.jp,Tabunok
18,Coraline,Crier,ccrierh@yolasite.com,Latrina
20,Bili,Bradman,bbradmanj@e-recht24.de,Prandoni
